{
  "hash": "2481dbe0",
  "configHash": "80343052",
  "lockfileHash": "b3c5e1f9",
  "browserHash": "028c8779",
  "optimized": {
    "@angular/common/http": {
      "src": "../../../../../../node_modules/@angular/common/fesm2022/http.mjs",
      "file": "@angular_common_http.js",
      "fileHash": "00eef329",
      "needsInterop": false
    },
    "@angular/core": {
      "src": "../../../../../../node_modules/@angular/core/fesm2022/core.mjs",
      "file": "@angular_core.js",
      "fileHash": "f54ad3db",
      "needsInterop": false
    },
    "@angular/platform-browser": {
      "src": "../../../../../../node_modules/@angular/platform-browser/fesm2022/platform-browser.mjs",
      "file": "@angular_platform-browser.js",
      "fileHash": "90529a32",
      "needsInterop": false
    },
    "@angular/router": {
      "src": "../../../../../../node_modules/@angular/router/fesm2022/router.mjs",
      "file": "@angular_router.js",
      "fileHash": "157791e8",
      "needsInterop": false
    },
    "@angular/forms": {
      "src": "../../../../../../node_modules/@angular/forms/fesm2022/forms.mjs",
      "file": "@angular_forms.js",
      "fileHash": "d8e43a3a",
      "needsInterop": false
    },
    "@angular/common": {
      "src": "../../../../../../node_modules/@angular/common/fesm2022/common.mjs",
      "file": "@angular_common.js",
      "fileHash": "309b377f",
      "needsInterop": false
    }
  },
  "chunks": {
    "chunk-YMUEEQRX": {
      "file": "chunk-YMUEEQRX.js"
    },
    "chunk-JJJAALSB": {
      "file": "chunk-JJJAALSB.js"
    },
    "chunk-54L2ORA5": {
      "file": "chunk-54L2ORA5.js"
    },
    "chunk-KCSUZAPK": {
      "file": "chunk-KCSUZAPK.js"
    }
  }
}